d_mid,beta_ml,beta_me,cov_ml,bias_ml,n
75.0,3.96792934888467,4.193239106402501,0.06854074956787948,0.9999778771891069,211
200.0,2.690828514180915,3.2553574881930936,0.19024202520850705,0.9843224245672114,237
325.0,1.7615976299876768,3.756219272547111,0.3158414531005669,1.218367283039956,588
525.0,1.5827773704252635,4.368680139037586,0.351638733138531,2.124565707973331,69
900.0,2.043606895607699,4.122367040249815,0.26990892139774325,3.422785809267322,68
