{"ab_in":0.1064638783,"ab_big":0.201320132,"cov_all":0.6342756184,"cov_kept":0.679245283,"frac_kept":0.8427561837}