{"ACI318-14":{"mean":1.4548681441,"cov":0.34431247},"Zsutty":{"mean":1.134231208,"cov":0.2270995816},"ACI318-19":{"mean":1.426610042,"cov":0.2223589099},"MCFT":{"mean":1.2540868366,"cov":0.1951102683},"CSCT":{"mean":1.3109444644,"cov":0.1892166227},"fib-MC2010":{"mean":1.2384140448,"cov":0.196028767},"Bazant-Kim":{"mean":1.2823177614,"cov":0.1757385956}}